Timestamp,Grid_Status,Solar_kW,Demand_kW,Battery_SOC,ESH,Generator_Run,Flexible_Shed
16:30,ONLINE,3.08,6.0,40.0,2.64,False,False
16:35,ONLINE,2.95,6.0,40.0,2.64,False,False
16:40,ONLINE,2.82,45.0,40.0,2.64,False,False
16:45,OFFLINE,2.69,45.0,40.0,2.44,False,True
16:50,OFFLINE,2.56,45.0,35.6,2.44,False,True
16:55,OFFLINE,2.44,45.0,31.2,2.44,False,True
17:00,OFFLINE,2.31,45.0,26.8,0.95,True,True
17:05,OFFLINE,2.18,45.0,25.7,0.95,True,True
17:10,OFFLINE,2.05,45.0,24.6,0.95,True,True
17:15,OFFLINE,1.92,45.0,23.6,0.48,True,True
17:20,OFFLINE,1.79,45.0,22.5,0.48,True,True
17:25,OFFLINE,1.67,45.0,21.4,0.48,True,True
17:30,OFFLINE,1.54,45.0,20.3,0.04,True,True
17:35,OFFLINE,1.41,45.0,20.0,0.04,True,True
17:40,OFFLINE,1.28,45.0,20.0,0.04,True,True
17:45,OFFLINE,1.15,45.0,20.0,0.01,True,True
17:50,OFFLINE,1.03,45.0,20.0,0.01,True,True
17:55,OFFLINE,0.9,45.0,20.0,0.01,True,True
18:00,OFFLINE,0.77,45.0,20.0,0.01,True,True
18:05,OFFLINE,0.64,45.0,20.0,0.01,True,True
18:10,OFFLINE,0.51,45.0,20.0,0.01,True,True
18:15,OFFLINE,0.38,45.0,20.0,0.0,True,True
18:20,OFFLINE,0.26,45.0,20.0,0.0,True,True
18:25,OFFLINE,0.13,45.0,20.0,0.0,True,True
18:30,OFFLINE,0.0,45.0,20.0,0.01,True,True
18:35,OFFLINE,0.0,45.0,20.0,0.01,True,True
18:40,OFFLINE,0.0,45.0,20.0,0.01,True,True
18:45,OFFLINE,0.0,45.0,20.0,0.0,True,True
18:50,OFFLINE,0.0,45.0,20.0,0.0,True,True
18:55,OFFLINE,0.0,45.0,20.0,0.0,True,True
19:00,OFFLINE,0.0,45.0,20.0,0.0,True,True
19:05,OFFLINE,0.0,45.0,20.0,0.0,True,True
19:10,OFFLINE,0.0,45.0,20.0,0.0,True,True
19:15,OFFLINE,0.0,45.0,20.0,0.01,True,True
19:20,OFFLINE,0.0,45.0,20.0,0.01,True,True
19:25,OFFLINE,0.0,45.0,20.0,0.01,True,True
