Demand_kW,SOC_%,Status,Unserved_Crit_kWh,Unserved_Imp_kWh,Unserved_Flex_kWh
4.0,10.0,FAIL,1.5999999999999999,1.2,1.2
4.0,20.0,FAIL,1.5999999999999999,1.2,1.2
4.0,40.0,DEGRADED,0.0,1.2,1.2
4.0,60.0,DEGRADED,0.0,0.3,1.2
4.0,80.0,DEGRADED,0.0,0.0,1.2
4.0,100.0,DEGRADED,0.0,0.0,1.2
10.0,10.0,FAIL,4.0,3.0,3.0
10.0,20.0,FAIL,4.0,3.0,3.0
10.0,40.0,DEGRADED,0.0,3.0,3.0
10.0,60.0,DEGRADED,2.220446049250313e-16,2.25,3.0
10.0,80.0,DEGRADED,8.881784197001252e-16,0.0,3.0
10.0,100.0,DEGRADED,8.881784197001252e-16,0.0,3.0
20.0,10.0,FAIL,8.0,6.0,6.0
20.0,20.0,FAIL,8.0,6.0,6.0
20.0,40.0,FAIL,0.4000000000000042,6.0,6.0
20.0,60.0,DEGRADED,4.440892098500626e-16,4.5,6.0
20.0,80.0,DEGRADED,1.3322676295501878e-15,1.5,6.0
20.0,100.0,DEGRADED,1.7763568394002505e-15,0.0,6.0
30.0,10.0,FAIL,12.0,9.0,9.0
30.0,20.0,FAIL,12.0,9.0,9.0
30.0,40.0,FAIL,4.399999999999999,9.0,9.0
30.0,60.0,DEGRADED,0.0,9.0,9.0
30.0,80.0,DEGRADED,0.0,9.0,9.0
30.0,100.0,DEGRADED,0.0,9.0,9.0
40.0,10.0,FAIL,16.0,12.0,12.0
40.0,20.0,FAIL,16.0,12.0,12.0
40.0,40.0,FAIL,8.400000000000002,12.0,12.0
40.0,60.0,FAIL,0.8000000000000084,12.0,12.0
40.0,80.0,DEGRADED,0.0,12.0,12.0
40.0,100.0,DEGRADED,0.0,12.0,12.0
50.0,10.0,FAIL,20.0,15.0,15.0
50.0,20.0,FAIL,20.0,15.0,15.0
50.0,40.0,FAIL,12.399999999999997,15.0,15.0
50.0,60.0,FAIL,4.800000000000001,15.0,15.0
50.0,80.0,DEGRADED,0.0,15.0,15.0
50.0,100.0,DEGRADED,0.0,15.0,15.0
60.0,10.0,FAIL,23.999999999999996,18.0,18.0
60.0,20.0,FAIL,23.999999999999996,18.0,18.0
60.0,40.0,FAIL,16.400000000000002,18.0,18.0
60.0,60.0,FAIL,8.8,18.0,18.0
60.0,80.0,FAIL,4.0,18.0,18.0
60.0,100.0,FAIL,4.0,18.0,18.0
