seed,A0_unmet,A0_fuel,A1_unmet,A1_fuel
0,0.0,51.375,3.814249999999884,23.625
1,0.0,47.25,3.455749999999888,21.75
2,0.0,42.75,3.0972499999998924,19.5
3,0.0,60.75,4.531249999999876,28.5
4,0.0,79.125,6.144499999999857,38.25
5,0.0,51.75,3.814249999999884,24.0
6,0.0,48.375,3.575249999999887,22.125
7,0.0,78.375,5.965249999999859,37.125
8,0.0,42.0,3.037499999999893,19.125
9,0.0,68.625,5.188499999999868,32.25
10,0.0,66.0,4.949499999999871,31.125
11,0.0,60.0,4.471499999999876,28.125
12,0.0,55.875,4.17274999999988,25.875
13,0.0,54.375,4.053249999999881,25.125
14,0.0,53.625,3.993499999999882,24.75
15,0.0,79.125,6.443249999999853,40.5
16,0.0,63.75,4.770249999999873,30.0
17,0.0,49.125,3.634999999999886,22.5
18,0.0,55.5,4.1129999999998805,25.875
19,0.0,49.875,3.6947499999998854,22.875
